,title,url,summary,ovro,date,content
0,"이제는 선택이 아닌 필수, 성장하는 인도 보험 산업",https://dream.kotra.or.kr/user/extra/kotranews/bbs/linkView/jsp/Page.do?dataIdx=217408,"중산층 증가, 보험의 중요성에 대한 인식 확대, 디지털 발전 등은 인도 보험 업계 긍정적인 전망의 기반이다. 인구 통계도 한몫한다. 2020년을 기준으로 인도인구의 55%가 노동 인구로 분류되는 20세에서 59세 범주에 속한다. 코로나19 이후 디지털 도입이 가속화되며 보험 가입 방식이 간소화 된 점도 영향이 크다.",뉴델리무역관,2024-07-18,"가처분 소득이 증가하고 보험 필요성에 대한 인식이 제고되면서, 인도의 보험 산업은 지난 10년간 매년 10% 이상 꾸준히 성장해 왔다. 인도중앙은행(RBI)의 2023년 발표에 따르면, 인도 생명보험사 수입은 회계연도 2022년 기준 866억 달러에서 이듬해 12.8% 성장한 976억 달러를 기록했다. 일반 및 건강 보험사 수입은 회계연도 2023년 기준 321억 달러로, 전년 대비 16.4%라는 견고한 성장률을 기록했다.
 
인도 내 보험의 보급률은 여전히 낮은 수준이다. 스위스 리(Swiss Re) 연구소의 발표에 따르면, 회계연도 2024년 기준 인도의 보험 보급률은 3.8%에 불과할 것으로 전망된다. 세부 구성으로는 생명보험이 2.8%, 손해보험이 1%를 차지할 것으로 보인다. 하지만, 2028년까지 인도의 보험료 지출 총액은 G20 국가 중 가장 빠른 속도인 7.1% 성장해 글로벌 평균인 2.4%를 훨씬 상회할 것으로 예상된다. 전 세계 보험 시장 성장률이 주춤할 것으로 전망되는 가운데, 인도는 견고한 성장세를 유지하는 것이다.
 
이러한 배경에는 경제 성장뿐만 아니라 코로나19 팬데믹 등을 겪으며 예방에 대한 인식 제고, 혁신 및 규제 지원, 데이터 분석이나 인공지능(AI) 등 정보기술을 활용해 기존 보험 산업을 혁신하는 인슈어테크(Insurtech)의 등장 등의 요인이 다양하게 상존한다. 향후 4년 내 생명보험은 중산층의 수요에 힘입어 6.7% 성장률이 예상되며 손해보험 부문은 유통 채널 개선 및 우호적인 규제 환경 등의 영향을 받아 8.3% 성장할 것으로 전망된다.
 
<인도 종류별 보험료 및 인상률 현황>
(단위: US% 십억, %)




구분

2022-23

2021-22

성장률



생명보험

97.62

86.96

12.8



일반 및 건강보험

32.12

27.5

16.4



[자료: 인도중앙은행(RBI), ’23년 6월]
 
2023년 12월을 기준으로, 인도 보험 산업은 총 67개의 보험사로 구성돼 있다. 생명보험 23개사, 일반보험 26개사, 국영 보험사 1개사 등을 포함한다. 큰 범주로는 공공과 민간으로 나뉜다. 국영 보험사로는 인도생명보험공사(Life Insurance Corporation of India), 오리엔탈 보험사(Oriental Insurance Company Limited), 유나이티드 인디아 보험사(United India Insurance Company Limited) 등 7개사가 있으며, 2000년 이후 인도 내 민간 보험사 영업이 허용되면서 보험업계의 경쟁 및 혁신이 더욱 활발해졌다.
 
<인도 및 세계 보험 보급률 및 인상률 현황>




구분

인도

세계

신흥국



보험 보급률

3.8%

6.5%

2.8%



보험료 인상률(’23-’24)

5.0%

1.6%

6.6%



보험료 인상률(’24-’28)

7.1%

2.4%

5.1%



[자료: 스위스 리(Swiss Re) 보고서, ’24년 1월]
 
일반보험 부문의 성장을 견인한 분야는 건강보험(Health)과 자동차보험(Motor)이다. 건강보험은 인식 증가 및 의료비 상승, 정부 지원 정책 등에 힘입어 회계연도 2023년 기준 약 23% 성장했다. 현재 인도 정부는 저소득층 가구 대상 건강보험 확대를 위해 지원 정책(Pradhan Mantri Jan Arogya Yojana)을 개진하고 있으며, 2028년까지 9% 이상 성장할 것으로 전망되는 보험료를 지원할 예정이다.
 
자동차보험 성장률은 15%로 건강보험의 뒤를 이었다. 코로나19로 주춤했던 자동차 판매량은 지난해 1분기부터 회복세에 돌입했고, 정부 보조금 등 지원 정책을 뒷받침으로 전기 자동차(EV) 수요도 꾸준히 증가하고 있다. 자동차보험료는 2028년까지 매년 8.8%의 성장률을 보일 것으로 예상된다.
 
<인도의 보험 분야별 수익 추이>

[자료: 인도 보험 규제 및 개발청(IRDAI)]
 
인도 보험 산업의 성장을 견인하는 요인은 다양하다. 긍정적인 인구 통계도 한몫한다. 2020년을 기준으로 인도 인구의 70%에 육박하는 규모가 젊은 층이며, 인구의 55%가 노동 인구로 분류되는 20세에서 59세 범주에 속한다. 모두가 보험에 가입할 수 있는 잠재적 소비자로 여겨질 수 있다. 더불어, 2030년까지 약 1억4000만 명의 중산층과 2000명 이상의 고소득 가구가 신규 등장하는 등 중산층이 광범위하게 확대될 전망이다.
 
코로나19 팬데믹도 주효했다. 코로나19 이후 디지털 도입이 가속화되며 현재 약 63% 이상의 소비자가 온라인 가입을 활용하고 있으며, 일부 관계자에 따르면 코로나19 이후 67%의 소비자가 온라인 포털 및 애플리케이션으로 보험 활용 방법을 전환하기 시작했다. 정부의 적극적인 지원 기조도 영향을 미친다. 인도 정부는 세계 최대 규모의 건강 보장 제도(AB PM-JAY)를 개진하고 있는데, 수혜자만 약 2억3000만 명이 넘고, 2023년 3월을 기준으로 1만1700개의 민간 병원 및 2만5969개의 공인 의료 서비스 제공자가 참여하는 등 네트워크가 폭넓게 형성돼 있다. 인도 보험 규제 및 개발청(IRDA)은 2047년까지 ‘모두를 위한 보험(Insurance for all by 2047)’이라는 목표를 달성하기 위한 공격적인 이니셔티브를 시행하고 있다.
 
기업 동향
 
코로나19 이후 다수의 기업들이 참여하면서 시장이 더욱 활성화됐다. 최근 일부 보험사가 상장을 시도하는 등 보험 업계에도 변화가 다대했다. 인도 재무부 산하의 인도 보험 규제 및 개발청(IRDAI)은 보험 산업에 대한 규제 및 인허가 업무를 담당한다. 보험 사업을 주(州) 단위로 판매할 때는, 해당 주의 면허도 필요하다. 인도 보험 부문에 대한 외국인 투자는 2021년 개정된 규칙(Indian Insurance Companies Foreign Investment Amendment Rules, 2021)이 적용된다.
 
인도 보험 업계에 대한 해외직접투자(FDI)는 최대 74%까지 자동 승인 방식(Automatice)으로 허용된다. 다만, 외국인 투자를 받는 인도 보험회사의 경우 이사 및 주요 관리 인력의 과반수 및 최고 경영자 중 1인 이상은 인도에 거주하는 인도 시민이어야 한다. 인베스트 인디아(Invest India)에 따르면, 지난 9년간 인도 보험 부문은 약 65억 달러 규모의 외국인 직접 투자를 유치했다. 인도 정부는 보험 가용성 확대를 위해 단일 온라인 창구인 NOC 포털을 운영하기 시작했다. 동 포털을 통해 보험사 설립 절차를 신속하게 진행할 수 있고, 관련 지침 및 FAQ에 대한 정보를 제공하고 있다.
 
< 인도 주요 보험사 현황>




기업명(로고)

시장 점유율(’23.12월)

파트너사

개요




Life Insurance Corporation

58.9%
(생명보험)

-

· 주력 사업: 생명보험
· 1956년 설립된 인도 생명보험공사
· 2억 9000만 명 이상의 고객 보유
· 2023년 기준 45조 루피(5,387억 달러) 이상
  의 자산 관리
· 보험금 지급률 : 98.74%




HDFC Life
Insurance

10.27%
(생명보험)

Standard Life (Mauritius
Holdings) 2006, Ltd.(영국)

· 주력 사업: 생명보험
· 인도 주요 민간 생명 보험사
· 400개 이상의 지점 보유
· 보험금 지급률: 99.3%




SBI Life
Insurance

8.31%
(생명보험)

BNP Paribas
Cardif(프랑스)

· 주력 사업: 생명보험
· 인도 은행 SBI와 프랑스의 BNP파리바카디프생명(BNP Paribas Cardif)의 합작 투자로 설립
· 7,000개 이상의 지점 보유 및 5000만 명 이상의 고객 보유
· 보험금 지급률: 97.74%




New India
Assurance

13.33%
(손해보험)

-

· 주력 사업: 손해보험
· 인도 재무부가 관리하는 정부 소유의 일반 보험 회사
· 1919년 설립
· 자동차, 건강, 화재, 농업 등의 상품 제공
· 2억 명 이상의 고객
· 보험금 지급률: 96.5%




ICICI Lombard

8.76%
(손해보험)

FAL
Corporation
(캐나다)

· 주력 사업: 손해보험
· 인도 대표 민간 손해보험사 중 하나
· 자동차, 건강, 화재, 농업 등의 상품 제공
· 7,600만 명 이상의 고객



[자료: KOTRA 뉴델리무역관 재가공]
 
관계자 인터뷰
 
현지 리서치사 관계자 A씨에 따르면, 인도 보험 산업은 코로나19 팬데믹을 기점으로 대폭 성장하기 시작했다. 그는 ""실적뿐만 아니라 디지털 및 고객 중심 혁신 추구, 실시간 데이터 활용, 인재 개발 등의 궁극적인 목표를 위해 노력해야 한다""며 기존 하향식 접근 방식에서 벗어나 보다 민첩하게 니즈에 대응할 수 있는 시스템 구축의 필요성을 강조했다. 또한, 그는 ""지난 5년 간 보험업계의 연평균 성장률이 10%를 상회했다""는 점을 강조하며 이는 ""인구 증가 및 가처분 소득 확대 등 호조 요인이 다분하다""고 덧붙였다.

시사점
 
중산층의 증가, 보험의 중요성에 대한 인식 확대 및 디지털 발전은 인도 보험 업계 긍정적인 전망의 기반이다. 특히, 인도 보험 시장에서 디지털의 도입은 빠른 속도로 확대되고 있다. 현재 인도에는 110개 이상의 인슈어테크(Insurtech) 스타트업이 존재한다. 오프라인 중개인이 주를 이루던 과거의 보험 업계에서, 이제는 클릭 한 번으로 다양한 채널을 통해 보험에 손쉽게 가입할 수 있는 온라인 생태계로 변모하고 있다. PwC의 보고서에 따르면, 이제 인도에서 보험은 부유층을 위한 투자 상품이 아닌, 위험을 방지할 수 있는 필수 품목으로 간주하고 있다. 인도 내 생명보험 산업 규모가 2020년 2월 대비 2021년 동기에 21% 성장한 것을 미루어 보면 인식의 변화를 감지할 수 있다.
 
자료: 인도브랜드자산재단(IBEF), 인도 보험 규제 및 개발청(IRDAI), 스위스리(Swiss Re), 인도중앙은행(RBI), India Infoline, GI Council 및 Economic Times, Times of India, Livemint, Hindustan Times 등 현지 언론 보도 종합
"
1,IT 분야의 발전으로 인한 위협도 커지는 상황에서 인도의 사이버 보안 산업은?,https://dream.kotra.or.kr/user/extra/kotranews/bbs/linkView/jsp/Page.do?dataIdx=217375,"사이버 보안은 하드웨어, 소프트웨어, 데이터 등 인터넷에 연결된 시스템을 사이버 위협으로부터 보호하는 것을 말한다. 남인도 지역에 인도의 IT 산업이 집중되어 있고 사이버 보안 산업에서 있어서도 남인도가 다른 지역에 비해 우위를 점하고 있다. 인도 정부는 사이버 보안 산업의 R&D를 지원하고 있으며, 산업과 학계 간 협력을 권장하고 있다. ",첸나이무역관,2024-07-16,"<사이버 보안 관련 그림>

[자료: The Forage]

사이버 보안이란

사이버 보안은 하드웨어, 소프트웨어, 데이터 등 인터넷에 연결된 시스템을 사이버 위협으로부터 보호하는 것을 말한다. 개인 사용자나 기관의 시스템과 민감한 데이터를 무단 접속, 정보 변경, 삭제, 탈취를 통해 손상시키려는 악의적인 공격에 대비하기 위해 최근 사이버 보안의 중요성이 더욱 강조되고 있다. 
사이버 보안은 네트워크 보안, 클라우드 보안, 엔드포인트* 보안, 모바일 보안, IoT 보안, 애플리케이션 보안, 제로 트러스트**와 같은 분야로 세분화 될 수 있다.
*엔드 포인트 보안: 클라이언트 장치에 연결된 컴퓨터 네트워크 보호 방법
*제로 트러스트: 조직 내부와 같이 신뢰할 수 있는 영역의 사용자라고 하더라도 지속적인 모니터링과 인증을 통해 신뢰성을 검증하여 위험을 완화시키고자 하는 새로운 개념의 보안 프레임워크

인도의 사이버 보안 산업은 2024년부터 2029년까지 연평균 성장률 13%를 기록하여 2029년에는 시장 규모가 53억 달러에 달할 것으로 예상된다. 사이버 보안 시장은 Cyber Solutions(사이버 솔루션)과 Security Services(보안 서비스) 크게 두 가지 분야로 분류될 수 있는데, 인도의 2024년 사이버 보안 산업의 예상 시장 규모는 28억 7000만 달러로 추정되고, 이 중 사이버 솔루션 분야의 예상 시장 규모는 14억 5000만 달러이다.

사이버 솔루션은 단체나 기관의 특정한 사이버 보안 요구 사항 등에 대한 맞춤형 제품 및 서비스를 포함한다. 보안 서비스는 피싱, 악성 소프트웨어, 랜섬웨어와 같은 사이버 위협에 대한 보안 및 방어와 관련된 포괄적인 프로세스와 서비스를 포함한다. 
 
<사이버 보안 산업의 2가지 분야>

[자료: Statista]

<인도의 사이버 보안 산업 2가지 분야 매출 추이>
(단위: US$ 십억)

[자료: Statista]

인도의 주요 IT 허브는 벵갈루루, 하이데라바드, 첸나이이며, 이들 남인도 지역에 인도의 IT 산업이 집중되어 있고 사이버 보안 산업에서 있어서도 남인도가 다른 지역에 비해 우위를 점하고 있다고 업계 관계자는 전한다. Tenable(네트워크 보안 및 취약점 관련 플랫폼 기업) 보고서에 따르면 기술 및 클라우드 서비스의 발달로 인해 인도의 대기업들은 평균적으로 12,000개의 디지털 자산*을 보유하고 있어 잠재적인 공격에 취약한 것으로 나타났다.
*디지털 자산: 저작물, 사진, 문서, 가상화폐 등 전산화 되어 존재하는 모든 종류의 자산

정부 정책

인도 정부의 적극적인 사이버 보안 정책 추진은 인도의 사이버 보안 시장을 견인하는 데 중요한 역할을 하고 있다. 인도 정부는 안전한 사이버 환경 구축, 규제 강화, 사이버 위협에 대한 방어 강화를 위해 다양한 정책들을 시행하고 있다.

국가 사이버 보안 정책(NCSP, National Cyber Security Policy): 사이버 보안 위험에 대처하기 위한 다양한 전략을 제공하는 정책이다. 전략에는 중요 인프라 방어, 사이버 위협 요소 방해 및 해체, 사이버 보안 회복력 증진, 지속 가능한 미래를 위한 투자, 국제적 파트너십 수립 등이 있다. NCSP의 목표는 개인, 기업, 정부를 위한 안전하고 신뢰할 수 있는 사이버 공간을 보장하는 것이다.

Cyber Swachhta Kendra (*Botnet(봇넷) 클리닝 및 악성 소프트웨어 분석 센터): Cyber Swachhta Kendra 센터는 인터넷 서비스 제공 업체 및 바이러스 백신 회사와의 파트너십을 통해 안전한 사이버 환경을 조성하기 위해 설립되었다. 주로 인터넷 보안을 강화하는 데 필요한 정보와 기술을 인터넷 사용자에게 제공하고 있다.
*Botnet(봇넷): 사용자가 모르게 바이러스 같은 악성 소프트웨어의 통제를 받는 컴퓨터들

디지털 개인 정보 보호 법안(PDPB, Digital Personal Data Protection Bill): 2023년에 도입된 이 법안은 인도 국민들의 개인 정보를 보호하는 것을 목표로 한다. 이 법안은 개인 정보를 이름, 주소, 전화번호, 이메일 주소, 금융 정보 등 개인을 식별하는 데 사용할 수 있는 모든 정보로 정의하고 있다.
 
SWOT 분석

Strength  인도는 IT 및 소프트웨어 개발 산업이 발전된 국가로 사이버 보안 혁신을 위한 탄탄한 기반을 갖추고 있다. 디지털 거래의 급증은 인도의 사이버 보안 환경에 큰 변화를 가져왔다. 사이버 위협 중 금융 사기는 인도 전역에서 보고된 사이버 범죄의 77.4%를 차지할 정도로 주요 이슈로 떠오르며, 이로 인해 사이버 보안에 대한 인도인들에 대한 관심이 증가했다. 따라서 끊임없이 진화하는 사이버 위협 환경으로부터 인프라와 민감한 데이터를 보호하기 위해 효과적인 사이버 보안 애플리케이션에 대한 수요가 확대되고 있다.

Weakness 복잡하고 오래된 규제들로 인해 새로운 사이버 위협에 대한 즉각적인 대응이 제한적이고 이는 보안 침해 위협성의 증가로 이어질 수 있다. 또한, 인도의 사이버 보안 산업에는 숙련된 인력과 전문가들이 부족한 상황이다. 현재 20,000~25,000개의 사이버 보안 관련 인력이 추가적으로 필요한 상황인 것으로 보인다. 최근 전반적인 분야에서의 디지털 전환이 빠르게 진행되고 있어 이 숫자는 더 늘어날 것으로 예상된다. 또한 ‘AppKnox’기업에 따르면, 인도 상위 100대 앱 중 75%가 심각한 취약성을 가지고 있어 비즈니스 데이터와 고객 민감 정보가 노출의 위험에 처해있다고 보고했다. 이러한 취약점은 강력한 사이버 보안 방어 기술을 필요로 하기 때문에 고급 사이버 보안 조치에 대한 수요가 증가하고 있다.

Opportunities 인도 정부는 디지털 방어를 강화하기 위한 전략적 조치의 일환으로 사이버 보안 프로젝트에 지원금을 할당했다. 지원금 규모가 2022~2023년에는 약 350만 달러였으나, 2023~2024년에는 약 4,790만 달러로 증가했다. 인도 기업들은 deep-tech*, IT, 핀테크 등의 분야에서 해외 진출을 확장하고 있다. 인도 내 사이버 보안에 대한 수요 증가는 외국인 투자를 증가시키고 있고, 현지 기업들과 파트너십 등의 협업을 이끌어내고 있다.
*deep-tech(딥 테크): 단순한 애플리케이션 개발이나 서비스 창출이 아닌 근본적인 기술적 혁신을 중심으로 하는 기술을 뜻한다.

Threats 데이터 유출 사고가 증가하면서 사이버 보안 애플리케이션에 대한 신뢰성이 떨어지고 상당한 재정적 손실이 발생하고 있다. 위와 같은 상황에서는 사이버 위협이 기존의 방어 체계를 위협할 수 있다. 지정학적 긴장은 정부 관련 기관들에 대한 사이버 스파이 활동과 공격 증가로 이어질 수 있다. 'Cyfirma'기업의 연구에 따르면 2021년부터 2023년 9월까지 정부기관에 대한 사이버 공격이 278% 증가했다고 한다. 인도를 표적으로 삼는 사이버 해킹 그룹은 Fancy Bear, Turla Group, Lazarus Group, Stone Panda 등이 있다. 

사이버 보안 주요 기업 및 특징

인도의 주요 사이버 보안 기업은 아래와 같다.




회사명 / 로고

기업 전략



Tata Consultancy Services


Tata Consultancy Services(TCS)는 디지털 전환, 클라우드 서비스, AI에 중점을 두고 고객의 요구에 맞춘 혁신을 강조한다. 시장 조사 기관, Gartner Magic Quadrant에 따르면 TCS는 인도에서 Public Cloud IT Transformation Services(퍼블릭 클라우드 IT 혁신 서비스) 부문에서 인도에서 가장 권위있는 회사로 인정받고 있다.



Wipro Limited


Wipro는 인도에서 가장 큰 정보 기술 서비스 제공업체 중 하나로, 사이버 보안 관련 보고서를 발간 하고 컨설팅 서비스를 제공하고 있다. 주요 제품으로는 위협 관리 플랫폼, 보안 운영 센터, 데이터 보호 솔루션 등을 제공하고 서비스 하고 있다. 



Palo Alto Networks, Inc.


Palo Alto는 차세대 방화벽, 고급 엔드포인트 보호, 클라우드 보안, AI 기반 위협 인텔리전스를 전문으로 다룬다. 최근에는 업무 환경의 혁신과 미래 지향적 제품인 Prisma ® SASE 3.0(SASE- Secure Access Service Edge)을 출시했다. 이 AI 기반 보안은 매일 최대 230만 개의 새로운 위협을 식별해낸다고 한다.



Tech Mahindra Limited


Tech Mahindra는 보안 컨설팅, 사이버 위협 관리, 보안 운영, 아이덴티티 및 엑세스 매니지먼트(IAM), 애플리케이션 보안, 클라우드 보안을 제공하고 있다 또한 다양한 인도 언어와 방언을 지원하여 AI 커뮤니케이션 혁신에 주력하고 있다. 이러한 노력의 일환으로 최근 5개월 동안 약 5백만 달러를 투자하여 대규모 언어 모델(LLM)을 개발했으며, 이는 ChatGPT의 대안으로 주목받고 있기도 하다.



Fortinet, Inc.


Fortinet은 방화벽, VPN, 엔드포인트 보호, 클라우드 보안 서비스와 같은 네트워크 보안 솔루션을 제공한다. 최근에는 증가하는 네트워크 인프라에 대한 위협에 대응하기 위해 통합 운영 기술 보안 솔루션*을 개발 출시 하였다. 
* 산업용 이더넷 스위치(IES, Industrial Ethernet Switch)인 FortiSwitch Rugged 424F의 최신 버전을 출시




인도의 사이버 보안 산업 관련 수입 규제

- 데이터 보호 법률: 인도는 Information Technology Act(정보기술법)과 Personal Data Protection Bill(개인 데이터 보호 법안)과 같은 데이터 보호 규정을 시행하고 있다. 수입 전 위 규정들이 잘 준수되고 있는지 확인이 필요하다.
- 인증 및 표준: ISO/IEC 27001, CERT-In guidelines와 같은 인도의 사이버 보안 표준 및 인증서에 대한 숙지가 필요하다. 정부 프로젝트나 주요 인프라 프로젝트에서 이와 같은 표준 준수를 요구할 수 있다. 일부 사이버 보안 제품은 수입을 위해 BIS 인증이 필요할 수 있다. 
* 규제 참고 링크 : https://www.upguard.com/blog/cybersecurity-regulations-india

인도의 사이버 보안 산업 최신 동향

2024년 1월, SETS(Society for Electronic Transactions and Security) 산하 양자 보안 연구소(Quantum Security Research Lab)가 문을 열었다. SETS는 사이버 보안 관련 특정 분야의 연구를 추구하는 사이버 보안 R&D 기관이다. 지금까지 SETS는 Post Quantum VPN, Quantum Random Number Generator (QRNG), Key Distillation Engine (KDE) for Quantum Key Distribution, PKI(Public Key Infrastructure) solution, Ransomware Early Detection Solution, Security for Blockchain 등과 같은 미래형 솔루션을 개발해오고 있다.

인도 데이터보안 위원회(DSCI, Data Security Council of India)는 2023년 12월 인도 최대 소프트웨어 분석 기관 중 하나인 ‘Seqrite Labs’와 협력하여 자동차 공급망이 사이버 공격을 가장 많이 받는 분야라고 발표했다. 이에 따라 2024년 3월, 도로교통부(Road Transport and Highways Ministry)는 모든 자동차 제조업체가 차량에 사이버 보안 관리 시스템을 설치하고 차량 형식 승인 과정에서 규정 준수 인증서를 제출하도록 하는 자동차 산업 표준 초안을 확정했다.

인터뷰

Avtech Software Services India Private Limited의 Softbuy는 사이버 보안 소프트웨어 제품을 온라인으로 구매할 수 있는 전자 플랫폼이다. Softbuy는 약 15개의 브랜드에서 개인 및 전문가를 위한 사이버 보안 애플리케이션을 제공한다. 고객 상담사인 Mr. Moses씨는 ""Bit defender Security 소프트웨어는 전문가들에게 매우 인기가 많고, MCAfee Security 소프트웨어는 개인 사용자에게 인기가 많습니다. Softbuy는 인도를 포함한 다양한 나라의 1500개 이상의 고객사를 대상으로 서비스를 제공하고 있으며, 비지니스를 위한 대량 주문도 받고 있습니다. 최근 2년간 고객들 사이에서 사이버 보안에 대한 인식이 증가했다는 것을 실감하고 있습니다.""라고 전했다.
 
시사점

2024년 중반까지 인도에서는 67만 건 이상의 사이버 공격 사례가 보고되었으며, 이는 사이버 위협이 급증하고 있다는 것을 보여준다. 사이버 공격은 금융, 건강 관리, 정부 서비스 등 여러 분야에서 발생했다. 무엇보다 각 분야에 맞는 사이버 솔루션을 활용하는 것이 효과적이라고 전문가들은 전한다. 특히 인도 시장에서는 인도 사용자를 대상으로 한 다양한 언어 지원과 사용자 인터페이스를 포함한 로컬화된 사이버 보안 제품 및 서비스를 제공하는 것이 중요하다. 인도 정부는 사이버 보안 산업의 R&D를 지원하고 있으며, 산업과 학계 간 협력을 권장하고 있다. 인도 사이버 보안 산업에서는 사용자 맞춤 모델을 개발하고 합리적인 가격 전략을 통해 시장에서 확고한 입지를 다지는 것이 중요하다. 

자료: 
       -   “Cybersecurity- India”, (statista.com, 2024.06)
       -   “India Cybersecurity Domestic Market 2023” (dsci.in, 2023)
       -   “What is cybersecurity?”, (theforage.com, 2023.05.12)
-  “What is cybersecurity?”, (checkpoint.com, 2024)
-  “Top Cybersecurity Regulations in India [Updated 2024]”, (upguard.com, 2024.01.18)
-  “Indian Government Doubles Cybersecurity Funding from Rs 400 Cr to Rs 750 Cr in 2024 Interim Budget: Industry Leaders Strongly Advocate”, (cxotoday.com, 2024.02.07)
-  “Shortage of cybersecurity professionals triggers fight for talent”, (economictimes.indiatimes.com, 2023.03.30)
-  “India Cybersecurity Market”, (techsciresearch.com, 2023)
-  “India Launches Single-Window Portal Designed by TCS to Streamline Imports of Medical Devices”, (news18.com, 2024.01.02)
-  “Wipro GE HealthCare to invest $1 bln to boost manufacturing in India”, (forbesindia.com, 2024.03.26)
-  “Palo Alto Networks Elevates SASE Capabilities with Prisma SASE 3.0”, (itvarnews.techplusmedia.com, 2024.07.09)
-  “Tech Mahindra's Project Indus develops Indian LLM under $5 million, an alternative to ChatGPT”, (msn.com, 2024.07.04)
-  “Cisco eyes diverse growth in India across various industries”, (thehindubusinessline.com, 2023.12.18)
-  “Fortinet Advances its OT Security Platform with Enhanced Offerings”, (expresscomputer.in, 2024.01.09)
-  “Principal Scientific Adviser to GoI Inaugurates Quantum Security Research Lab on 23rd Foundation Day of Society for Electronic Transactions and Security in Chennai”, (pib.gov.in, 2024.06.25)
-  “Auto supply chain sector is the most cyber attacked, finds Seqrite Labs report”, (auto.economictimes.indiatimes.com, 2024.0313)
-  “Top Cybersecurity Regulations in India”(upguard.com, 2024.01.18)]"
2,생활방식 변화에 따른 인도QSR(Quick Service Restaurant)산업의 부상,https://dream.kotra.or.kr/user/extra/kotranews/bbs/linkView/jsp/Page.do?dataIdx=217345,생활방식의 변화로 인해 인도에서도 QSR(Quick Service Restaurant)산업이 각광 받고 있다. 우리나라의 QSR 브랜드가 인도에 진출한다면 어떤 전략을 펼쳐야 하는지 알아본다.,뭄바이무역관,2024-07-16,"급성장하고 있는 인도의 QSR(Quick Service Restaurant) 산업
 
14억 이상의 인구를 보유한 인도는 식량 소비가 굉장히 많은 나라로, 글로벌 식음료 기업들이 가장 유망한 신흥 시장 중 하나로 보고 있다. 글로벌 QSR(Quick Serviced Restaurant) 거대 기업들은 90년대에 인도와 중국에 진출하였고 인구가 많은 두 개의 대규모 시장에서 밝은 미래를 점쳤었다. 그러나 인도의 QSR시장 성장 궤적은 중국에 비해 상당히 느렸는데, 이는 이 두 국가의 경제 성장 차이에서 비롯한 것으로 보인다.
 
<시기별 인도에 진출한 글로벌 QSR 브랜드>

* 1999년 KFC 재진입
[자료: HDFC]
 
인도는 다른 국가에 비해 글로벌 QSR 대기업 침투율이 상대적으로 낮은 편이다. 인도에서도 패스트푸드 및 간편식이 큰 인기를 끌고 있지만, 아직까지는 전통적인 길거리 음식점(Street Food Vendors), 소형 간식 판매점 등과 같이 인도만의 전통적 방식의 패스트푸드 사업체가 지배적이다. 장기적으로는 인도에서도 글로벌 패스트푸드 기업들이 성장할 것으로 보이지만, 치열한 경쟁으로 인해 당분간 개별 시장 참가자들에게는 쉽지 않을 것으로 전망된다. 현재 인도에는 평균적으로 인구 100만 명당 3개의 정도의 글로벌 QSR 매장이 공급되는 상황인데, 오는 2030년까지는 100만 명당 6개의 매장까지 공급될 것으로 전망된다.
 
Mordor Intelligence에 따르면 인도의 QSR 시장 규모는 2024년 1분기 기준 약 254억 6000만 달러 규모로 추정되며, 이는 연 평균 8.74%씩 성장하여 2029년이면 387억 1000만 달러에 이를 것으로 예상된다. 인도인들이 선호하는 주요 QSR 요리는 감자 튀김, 피자, 샌드위치 및 버거류이다. 그 중에서도 특히 피자 부문은 2023-2029년 예측 기간 동안 연평균 성장률 11.21% 로 가장 빠른 성장이 기대된다. 해당 시장은 도미노, 피자헛과 같은 글로벌 기업이 지배하고 있으며 두 브랜드가 2023년 인도 내 피자 총 주문량 중 70% 이상의 점유율을 차지한 것으로 밝혀졌다. 소비들의 생활방식 변화, 도시화 증가, 간편한 식사에 대한 수요 증가로 인해 앞으로도 인도의 QSR 시장은 지속 성장할 것으로 전망된다.
 
<인도 QSR시장 성장 예상 추이(2024-2029)>
(단위: US$ 십억)

[자료: Mordor Intelligence]
 
현재 인도의 QSR 운영 방식
 
인도에서 운영되어지는 QSR 사업체들의 주요 형태는 다음과 같다.
 
(1) 프랜차이즈: 마스터 프랜차이즈 또는 여러 프랜차이즈 파트너를 지정하는 방식으로, 글로벌 QSR 브랜드가 가장 선호하는 방식 중 하나이다. 가맹점은 글로벌 브랜드 이름을 사용할 수 있는 권리와 함께 기술 및 노하우를 이전 받는다. 반대로, 프랜차이즈를 내주는 글로벌 브랜드는 원자재 공급, 프랜차이즈 가맹점 교육, 위치 평가 및 컨설팅 등을 통해 마스터 프랜차이저를 지원하는 대신 가맹점들로부터 이에 대한 수수료를 받는다.
 
(2) 합작 투자: 현지의 회사가 해당 국가의 소비자 행동에 대한 이해 및 부동산을 국제 QSR 브랜드에 제공하고, 이미 구축해 놓은 인프라를 활용할 수 있도록 제공함으로써 파트너 관계를 맺는 공동 운영방식이다.
 
(3) 직영: 인도에서 직영 방식을 채택하는 글로벌 QSR 브랜드는 거의 없는 것으로 알려져 있다. 인도의 로컬 QSR 브랜드가 주로 직영 방식을 사용하고 있다.
 
<인도 내 QSR 브랜드 현황>

[자료: HDFC]
 
인도의 QSR 네트워크는 주요 도시에 고도로 집중되어 있는 성향을 띈다. 인도 전체 QSR 매장 네트워크의 약66%가 인도 상위 30개 도시에 분포 되어있으며, 이러한 상위 30개 도시는 인도 인구의 15% 이상을 차지한다. 인도의 가처분 소득이 증가함에 따라 QSR 체인은 주요 대도시뿐만 아니라 지방의 중소 도시로도 점차 그 영향력을 펼쳐 나가고 있다.
 
일부 글로벌 QSR 기업들은 이미 지난 2년 동안 인도의 주요 도시에 네트워크를 확장하기 시작했다. Domino's는 인도에 있는 QSR 브랜드 중 가장 침투율이 높은 브랜드로, 2023년 기준 인도 전역의 약 400여 개 도시에 매장을 보유하고 있다.
 
<인도의 상위 29개 도시의 인구 100만 명당 QSR 매장 수>

[자료: HDFC]
 
 
인도에서 QSR 사업을 시작할 때 고려해야 할 점
 
인도에서 QSR 사업을 시작할 때 고려해야 할 사항들은 다음과 같다.
 
시장 조사 및 사업 계획: 소비자 선호도, 새로운 식품 동향 및 시장 경쟁 구도에 대해 이해하기 위해 철저한 조사를 수행해야 한다. 또한 직장인, 학생 또는 가족 등 목표 고객을 인식하고 분석해야 한다. 마지막으로 사업 컨셉, 목표 시장, 메뉴, 가격 전략, 재무 및 마케팅 계획을 포괄하는 상세한 사업 계획을 개발해야 한다. 이러한 세부적인 사업계획은 인도에서 사업체를 운영하기 위한 로드맵 역할을 할 것이며 현지에서 투자 자금을 확보하기 위해서도 필수적으로 준비해두어야 한다.
 
위치 선택: 도심, 쇼핑몰 또는 상업 및 주거 지역 근처와 같이 유동 인구가 많은 위치를 선택해야한다. 세계 어디에서나 접근성과 브랜드 노출은 고객을 유치하기 위한 핵심 요소이다.
 
면허 및 허가: FSSAI(Food Safety and Standards Authority of India) 면허, GST 등록, 화재 안전 증명서, 식음업장 면허, 상점 및 설립법 준수, 상표권 취득 등 필요한 모든 면허 및 허가를 취득해야 한다.
 
기술 도입: 효율적인 주문 관리, 재고 관리 및 디지털 결제 시스템을 위한 최신 기술 솔루션을 도입해야 한다. POS(Point-of-Sale) 시스템을 사용하여 운영을 간소화하고 고객 선호도 및 판매 동향에 대한 중요한 데이터를 수집할 수 있다. Swiggy, Zomato 및 Uber Eats와 같은 온라인 음식 배달 플랫폼과 파트너쉽을 맺어 고객 도달 범위를 확장하고 매출을 증대시켜야 한다.
 
브랜딩 및 마케팅: 고객의 흥미를 끌 수 있는 브랜드 이름, 로고, 태그라인 등 강력한 브랜드 아이덴티티를 개발해야한다. 소셜 미디어, 지역 광고 및 프로모션 등을 통해 고객을 유치하는 마케팅 전략을 수립한다. 로열티 프로그램, 특별 제안 및 이벤트를 통해 고객과 적극적으로 소통하는 것이 최근 마케팅 트렌드 중 하나이다.
 
시사점
 
JVN&CO의 공인 회계사 Jain은 KOTRA 뭄바이무역관과의 인터뷰를 통해 다음과 같이 말했다. “해외 QSR 시장 진출을 고려하고 있는 한국 업계에 인도는 엄청난 기회를 제공할 것입니다. 연평균 성장률 8.74%로 2029년까지 387억 1,000만 달러에 이를 것으로 예상되는 인도의 QSR 시장은 도시화, 라이프스타일 변화 등으로 인해 변화의 속도가 더욱 빨라질 것입니다. 한국의 QSR 사업체는 세계적인 한류에 힘입어 인도에서도 높아지고 있는 한식의 인기를 활용하면 뚜렷한 경쟁 우위를 확보할 수 있을 것입니다. 프랜차이즈 또는 합작 투자와 같은 친숙한 모델을 수용하면 위험을 완화하고 현지 전문 지식을 활용하는 데 도움이 될 수도 있습니다. 주요 도시 위치, 특히 1선 및 2선 도시에 집중하고 운영 및 온라인 배송을 위한 고급 기술을 수용하는 것이 중요합니다. 또한 필요한 라이선스를 취득하고 높은 위생 및 품질 표준을 유지하면 소비자 신뢰를 구축할 수 있습니다. 인도 소비자의 공감을 불러일으키기 위해 마케팅 전략을 조정하고 강력한 브랜드 아이덴티티를 구축하는 것은 빠르게 성장하는 이 시장에서 성공적이고 지속 가능한 입지를 구축하는 데 핵심이 될 것입니다.""
 
한국의 QSR 관련 기업들은 인도 현지인들의 입맛에 맞춘 독특한 한국 요리를 소개함으로써 확장되는 시장을 기회로 만들 수 있을 것이다. K-pop, K-drama 등 한류에 힘입어 인도인들 사이에서도 한국 요리의 인기가 높아지고 있다는 점은 한국 기업들에게 이점을 제공한다. 김치, 한국식 치킨, 비빔밥과 같은 요리는 상당한 인기를 얻고 있으며, 한국 요리는 많은 인도 소비자에게 트렌디하고 매력적인 대상으로 자리매김하고 있다.
 
또한 프랜차이즈 모델, 현지 파트너와의 합작 투자 또는 회사 소유 및 프랜차이즈 매장의 하이브리드 등 인기 있는 운영 모델을 채택하는 것을 고려해야 한다. 특히 프랜차이즈 모델은 브랜드 표준과 확장성을 유지하면서 현지 전문 지식과 자원을 활용할 수 있다는 장점 때문에 해외 브랜드들이 많이 채택하는 방식이다. 합작 투자는 현지 소비자 행동에 대한 귀중한 정보를 제공받을 수 있고 부동산 및 공급망 설정에 걸리는 시간을 단축할 수 있다.
 
전략적 입지 선택은 도심에 초점을 맞추고 QSR 매장의 침투율이 증가하고 있는 1급 및 2급 도시로 확장하는 것이 핵심이다. 또한 주문 관리, 재고 관리를 위한 신기술에 투자하고 온라인 배송 플랫폼과 파트너십을 맺으면 운영 효율성과 시장 도달 범위가 향상될 것이다.
 
마지막으로 현지 규정을 이해하고, 필요한 면허를 취득하고, 식품 안전 표준을 준수하는 것이다. 우수한 고객 서비스와 함께 높은 수준의 위생 및 품질을 유지하는 것은 인도 소비자의 신뢰와 충성도를 구축하는 데 중추적인 역할을 할 것이다."
